{"loss": [NaN, NaN, NaN, NaN, NaN, NaN, NaN, NaN, NaN, NaN, NaN, NaN, NaN, NaN, NaN, NaN, NaN, NaN, NaN, NaN, NaN, NaN, NaN, NaN, NaN, NaN, NaN, NaN, NaN, NaN, NaN, NaN, NaN, NaN, NaN, NaN, NaN, NaN, NaN, NaN, NaN, NaN, NaN, NaN, NaN, NaN, NaN, NaN, NaN, NaN, NaN, NaN, NaN, NaN, NaN, NaN, NaN, NaN, NaN, NaN, NaN, NaN, NaN, NaN, NaN, NaN, NaN, NaN, NaN, NaN, NaN, NaN, NaN, NaN, NaN, NaN, NaN, NaN, NaN, NaN, NaN, NaN, NaN, NaN, NaN, NaN, NaN, NaN, NaN, NaN, NaN, NaN, NaN, NaN, NaN, NaN, NaN, NaN, NaN, NaN, NaN, NaN, NaN, NaN, NaN, NaN, NaN, NaN, NaN, NaN, NaN, NaN, NaN, NaN, NaN, NaN, NaN, NaN, NaN, NaN, NaN, NaN, NaN, NaN, NaN, NaN, NaN, NaN, NaN, NaN, NaN, NaN, NaN, NaN, NaN, NaN, NaN, NaN, NaN, NaN, NaN, NaN, NaN, NaN, NaN, NaN, NaN, NaN], "mean_absolute_error": [NaN, NaN, NaN, NaN, NaN, NaN, NaN, NaN, NaN, NaN, NaN, NaN, NaN, NaN, NaN, NaN, NaN, NaN, NaN, NaN, NaN, NaN, NaN, NaN, NaN, NaN, NaN, NaN, NaN, NaN, NaN, NaN, NaN, NaN, NaN, NaN, NaN, NaN, NaN, NaN, NaN, NaN, NaN, NaN, NaN, NaN, NaN, NaN, NaN, NaN, NaN, NaN, NaN, NaN, NaN, NaN, NaN, NaN, NaN, NaN, NaN, NaN, NaN, NaN, NaN, NaN, NaN, NaN, NaN, NaN, NaN, NaN, NaN, NaN, NaN, NaN, NaN, NaN, NaN, NaN, NaN, NaN, NaN, NaN, NaN, NaN, NaN, NaN, NaN, NaN, NaN, NaN, NaN, NaN, NaN, NaN, NaN, NaN, NaN, NaN, NaN, NaN, NaN, NaN, NaN, NaN, NaN, NaN, NaN, NaN, NaN, NaN, NaN, NaN, NaN, NaN, NaN, NaN, NaN, NaN, NaN, NaN, NaN, NaN, NaN, NaN, NaN, NaN, NaN, NaN, NaN, NaN, NaN, NaN, NaN, NaN, NaN, NaN, NaN, NaN, NaN, NaN, NaN, NaN, NaN, NaN, NaN, NaN], "mean_q": [NaN, NaN, NaN, NaN, NaN, NaN, NaN, NaN, NaN, NaN, NaN, NaN, NaN, NaN, NaN, NaN, NaN, NaN, NaN, NaN, NaN, NaN, NaN, NaN, NaN, NaN, NaN, NaN, NaN, NaN, NaN, NaN, NaN, NaN, NaN, NaN, NaN, NaN, NaN, NaN, NaN, NaN, NaN, NaN, NaN, NaN, NaN, NaN, NaN, NaN, NaN, NaN, NaN, NaN, NaN, NaN, NaN, NaN, NaN, NaN, NaN, NaN, NaN, NaN, NaN, NaN, NaN, NaN, NaN, NaN, NaN, NaN, NaN, NaN, NaN, NaN, NaN, NaN, NaN, NaN, NaN, NaN, NaN, NaN, NaN, NaN, NaN, NaN, NaN, NaN, NaN, NaN, NaN, NaN, NaN, NaN, NaN, NaN, NaN, NaN, NaN, NaN, NaN, NaN, NaN, NaN, NaN, NaN, NaN, NaN, NaN, NaN, NaN, NaN, NaN, NaN, NaN, NaN, NaN, NaN, NaN, NaN, NaN, NaN, NaN, NaN, NaN, NaN, NaN, NaN, NaN, NaN, NaN, NaN, NaN, NaN, NaN, NaN, NaN, NaN, NaN, NaN, NaN, NaN, NaN, NaN, NaN, NaN], "mean_eps": [NaN, NaN, NaN, NaN, NaN, NaN, NaN, NaN, NaN, NaN, NaN, NaN, NaN, NaN, NaN, NaN, NaN, NaN, NaN, NaN, NaN, NaN, NaN, NaN, NaN, NaN, NaN, NaN, NaN, NaN, NaN, NaN, NaN, NaN, NaN, NaN, NaN, NaN, NaN, NaN, NaN, NaN, NaN, NaN, NaN, NaN, NaN, NaN, NaN, NaN, NaN, NaN, NaN, NaN, NaN, NaN, NaN, NaN, NaN, NaN, NaN, NaN, NaN, NaN, NaN, NaN, NaN, NaN, NaN, NaN, NaN, NaN, NaN, NaN, NaN, NaN, NaN, NaN, NaN, NaN, NaN, NaN, NaN, NaN, NaN, NaN, NaN, NaN, NaN, NaN, NaN, NaN, NaN, NaN, NaN, NaN, NaN, NaN, NaN, NaN, NaN, NaN, NaN, NaN, NaN, NaN, NaN, NaN, NaN, NaN, NaN, NaN, NaN, NaN, NaN, NaN, NaN, NaN, NaN, NaN, NaN, NaN, NaN, NaN, NaN, NaN, NaN, NaN, NaN, NaN, NaN, NaN, NaN, NaN, NaN, NaN, NaN, NaN, NaN, NaN, NaN, NaN, NaN, NaN, NaN, NaN, NaN, NaN], "episode_reward": [1.0, 1.0, 1.0, 0.0, 4.0, 2.0, 3.0, 2.0, 2.0, 0.0, 2.0, 1.0, 2.0, 2.0, 1.0, 2.0, 2.0, 0.0, 0.0, 1.0, 0.0, 1.0, 0.0, 1.0, 0.0, 0.0, 2.0, 0.0, 0.0, 2.0, 1.0, 0.0, 0.0, 1.0, 0.0, 2.0, 0.0, 0.0, 1.0, 2.0, 1.0, 1.0, 0.0, 2.0, 0.0, 6.0, 3.0, 3.0, 1.0, 0.0, 1.0, 2.0, 0.0, 0.0, 0.0, 0.0, 3.0, 2.0, 2.0, 2.0, 0.0, 0.0, 0.0, 0.0, 1.0, 3.0, 0.0, 2.0, 0.0, 0.0, 1.0, 2.0, 1.0, 2.0, 0.0, 0.0, 2.0, 3.0, 0.0, 2.0, 0.0, 2.0, 0.0, 0.0, 1.0, 0.0, 1.0, 2.0, 1.0, 2.0, 1.0, 1.0, 2.0, 2.0, 2.0, 1.0, 0.0, 0.0, 0.0, 0.0, 1.0, 5.0, 2.0, 2.0, 0.0, 2.0, 1.0, 0.0, 1.0, 1.0, 1.0, 0.0, 1.0, 2.0, 1.0, 0.0, 3.0, 0.0, 1.0, 1.0, 0.0, 0.0, 2.0, 0.0, 1.0, 2.0, 2.0, 1.0, 0.0, 1.0, 3.0, 3.0, 2.0, 1.0, 2.0, 3.0, 0.0, 1.0, 2.0, 1.0, 0.0, 0.0, 1.0, 1.0, 0.0, 0.0, 0.0, 0.0], "nb_episode_steps": [177, 158, 169, 132, 271, 210, 268, 215, 215, 130, 210, 168, 219, 194, 177, 194, 229, 122, 125, 179, 126, 180, 130, 182, 143, 135, 199, 138, 154, 185, 183, 137, 133, 184, 140, 223, 131, 135, 167, 221, 185, 178, 143, 225, 142, 395, 255, 257, 179, 128, 162, 200, 131, 144, 143, 135, 233, 218, 202, 207, 134, 131, 148, 129, 189, 234, 136, 227, 139, 143, 163, 202, 182, 213, 146, 145, 200, 249, 147, 223, 133, 219, 127, 127, 184, 132, 181, 218, 191, 213, 186, 159, 185, 208, 237, 177, 139, 133, 159, 133, 208, 343, 204, 195, 132, 219, 156, 157, 189, 158, 164, 137, 179, 188, 183, 131, 252, 133, 171, 189, 132, 143, 208, 138, 195, 227, 231, 177, 130, 176, 283, 272, 218, 170, 208, 252, 143, 160, 248, 176, 149, 149, 172, 183, 135, 136, 138, 138], "nb_steps": [177, 335, 504, 636, 907, 1117, 1385, 1600, 1815, 1945, 2155, 2323, 2542, 2736, 2913, 3107, 3336, 3458, 3583, 3762, 3888, 4068, 4198, 4380, 4523, 4658, 4857, 4995, 5149, 5334, 5517, 5654, 5787, 5971, 6111, 6334, 6465, 6600, 6767, 6988, 7173, 7351, 7494, 7719, 7861, 8256, 8511, 8768, 8947, 9075, 9237, 9437, 9568, 9712, 9855, 9990, 10223, 10441, 10643, 10850, 10984, 11115, 11263, 11392, 11581, 11815, 11951, 12178, 12317, 12460, 12623, 12825, 13007, 13220, 13366, 13511, 13711, 13960, 14107, 14330, 14463, 14682, 14809, 14936, 15120, 15252, 15433, 15651, 15842, 16055, 16241, 16400, 16585, 16793, 17030, 17207, 17346, 17479, 17638, 17771, 17979, 18322, 18526, 18721, 18853, 19072, 19228, 19385, 19574, 19732, 19896, 20033, 20212, 20400, 20583, 20714, 20966, 21099, 21270, 21459, 21591, 21734, 21942, 22080, 22275, 22502, 22733, 22910, 23040, 23216, 23499, 23771, 23989, 24159, 24367, 24619, 24762, 24922, 25170, 25346, 25495, 25644, 25816, 25999, 26134, 26270, 26408, 26546], "episode": [0, 1, 2, 3, 4, 5, 6, 7, 8, 9, 10, 11, 12, 13, 14, 15, 16, 17, 18, 19, 20, 21, 22, 23, 24, 25, 26, 27, 28, 29, 30, 31, 32, 33, 34, 35, 36, 37, 38, 39, 40, 41, 42, 43, 44, 45, 46, 47, 48, 49, 50, 51, 52, 53, 54, 55, 56, 57, 58, 59, 60, 61, 62, 63, 64, 65, 66, 67, 68, 69, 70, 71, 72, 73, 74, 75, 76, 77, 78, 79, 80, 81, 82, 83, 84, 85, 86, 87, 88, 89, 90, 91, 92, 93, 94, 95, 96, 97, 98, 99, 100, 101, 102, 103, 104, 105, 106, 107, 108, 109, 110, 111, 112, 113, 114, 115, 116, 117, 118, 119, 120, 121, 122, 123, 124, 125, 126, 127, 128, 129, 130, 131, 132, 133, 134, 135, 136, 137, 138, 139, 140, 141, 142, 143, 144, 145, 146, 147], "duration": [0.8495641439949395, 0.6212519329928909, 0.7202042139979312, 0.5849039430031553, 1.0579327540035592, 0.7977271900017513, 1.0211451110008056, 0.8227861859995755, 0.8153540950006573, 0.5550323679999565, 0.8785536379946279, 0.7176422479969915, 0.8795250180046423, 0.7775780360025237, 0.6998967920007999, 0.9392372000002069, 0.9863730749930255, 0.5153516659993329, 0.5924745400043321, 0.7855204070001491, 0.5328882470057579, 0.6985872719960753, 0.5047274330063374, 0.6959746829961659, 0.5491992550014402, 0.5323291109962156, 0.7699145250007859, 0.5533207830012543, 0.6161375290030264, 0.7815606039948761, 0.6927792470014538, 0.5559153670037631, 0.5369257519996609, 0.7201970610040007, 0.5966222569986712, 0.9162939879970509, 0.5371669660016778, 0.5260754620030639, 0.6590625059980084, 0.8613337389979279, 0.7519022899941774, 0.6879082599989488, 0.5861785279994365, 0.9926452179934131, 0.7145967850010493, 1.5545441049980582, 1.1124365200012107, 1.082091363001382, 0.6846318509997218, 0.49349425800028257, 0.6330157870033872, 0.7665819149988238, 0.5040842529997462, 0.5764119560044492, 0.5509025099963765, 0.5155344209997565, 0.9324915889956173, 0.8218419559998438, 0.781961961001798, 0.8062736110005062, 0.5251606270030607, 0.5077585190010723, 0.5731666079955176, 0.4964962769954582, 0.7381677289959043, 0.9169010059995344, 0.5168404210053268, 0.86513015699893, 0.5474993790048757, 0.5559261789967422, 0.6543124680028995, 0.9108164040007978, 0.7438476009992883, 0.8441435830027331, 0.5683012129957206, 0.6290255570056615, 0.8348329319996992, 1.00376335799956, 0.5818235949991504, 1.0087534459962626, 0.5901788249975652, 0.9773925289991894, 0.6023111600006814, 0.5840950059937313, 0.7419006560012349, 0.5144571459968574, 0.6917880420005531, 0.8655635449977126, 0.7448621950024972, 0.8236834280032781, 0.7153460450062994, 0.6179746300040279, 0.720713037000678, 0.8049723739968613, 0.9079175949955243, 0.6773024209978757, 0.5332149859968922, 0.5316556239995407, 0.6192042469992884, 0.510903608002991, 0.7867397480004001, 1.3426680449993, 0.8032348440028727, 0.7554135519967531, 0.5113398860048619, 0.849451752997993, 0.6028522049964522, 0.6148137190029956, 0.7273312260003877, 0.5988403209994431, 0.6628994670027168, 0.5976786939936574, 0.686150435001764, 0.8233439830000862, 0.8273824089992559, 0.5451375619959435, 0.9928056819990161, 0.5531061700021382, 0.7353275360001135, 0.8063821899995673, 0.5541836070042336, 0.5595909789990401, 0.8188806299949647, 0.5774689380050404, 0.7544098449943704, 0.912851736000448, 0.9094748589996016, 0.6841162450000411, 0.5036114399990765, 0.6896458080009324, 1.1076513410007465, 1.0661487629986368, 0.8570518790002097, 0.6572576709950226, 0.8052978769992478, 0.9725731520011323, 0.5709368109964998, 0.6675372190002236, 0.9770251980007743, 0.6889457360011875, 0.5733007919989177, 0.5859054750035284, 0.686906037000881, 0.7213099590007914, 0.5659917829980259, 0.6214921349965152, 0.5451196979993256, 0.5477877459998126]}